{
    "molecule": {
        "only_singlets": true,
        "number_of_photons": 0,
        "number_of_electronic_states": 15,
        "max_vibrational_state": 10,
        "omega": 0,
        "basis": "6-311++G**",
        "lambda_vector": [
            0,
            0,
            0
        ],
        "target_root": 0,
        "mass_A": 1.0,
        "mass_B": 19.0,
        "qed_type": "qed-ci",
        "ci_level": "cas",
        "nact_orbs": 16,
        "nact_els": 6,
        "damping_factor": 0.5,
        "molecule_template": "\nH\nF 1 **R**\nsymmetry c1\n",
        "guess_bondlength": 0.9178507603174318
    },
    "return_results": {
        "state_1_energy": -100.13725785579294,
        "state_1_gradient": -9.287887803009972e-05,
        "state_1_equilibrium_geometry_SI": 9.178507603174319e-11,
        "state_1_equilibrium_geometry": 0.9178507603174318,
        "state_1_equilibrium_geometry_au": 1.7344865602794772,
        "state_1_we_wn": 4165.1570588584555,
        "state_1_wexe_wn": 115.73758535305562,
        "state_1_target_root": 0,
        "state_1_force_constant_au": 0.6237034964227854,
        "reduced_mass_au": 1731.7455,
        "state_2_energy": -99.54808387517976,
        "state_2_gradient": -1.564431140309901e-05,
        "state_2_equilibrium_geometry_SI": 9.750100896865223e-11,
        "state_2_equilibrium_geometry": 0.9750100896865223,
        "state_2_equilibrium_geometry_au": 1.8425020382543362,
        "state_2_we_wn": 3370.510408803543,
        "state_2_wexe_wn": 176.0443972578461,
        "franck_condon_factors": [
            1.0790580885176142,
            -0.14918352682784633,
            -0.13554327046526404,
            0.13664068064522475,
            -0.08308581648749244,
            0.04076659072105844,
            -0.016678058015380814,
            0.005152963731665401,
            -0.0007144032950027365,
            -0.00011086602440855691,
            0.11344495903966395,
            0.9810383151441732,
            -0.3983160799916563,
            -0.04189671651563312,
            0.17751231263031095,
            -0.1708938782914072,
            0.12759288804945082,
            -0.0861805910228874,
            0.05307272465629417,
            -0.023315041789162282,
            0.22486052259028294,
            0.27593405197384885,
            0.7386187730765471,
            -0.6008426048264693,
            0.20945480070161462,
            0.03590494750107779,
            -0.12901928127604223,
            0.13770229464852676,
            -0.10604569806564029,
            0.05030559525841066,
            -0.021930998489094442,
            0.39314571623864436,
            0.3732537156282132,
            0.3606467596802843,
            -0.5905766397953626,
            0.4373710109297509,
            -0.23181115193837132,
            0.09338039938394818,
            -0.026640910821754564,
            0.005946922119049918,
            0.05584165212385146,
            0.02903188727010824,
            0.5547054515809215,
            0.3123071745375848,
            -0.027704118144537535,
            -0.30647177197206515,
            0.39190271237851204,
            -0.3330813856757027,
            0.22750813113655843,
            -0.10319741242624005,
            -0.02652281556410296,
            0.1085692627804845,
            0.14335937213461325,
            0.6527421781142765,
            0.05944059571082882,
            -0.20540705427414802,
            0.05276662735691769,
            0.07396817063588403,
            -0.10386444701318978,
            0.05660497668696944,
            0.022141255335341423,
            -0.03421338096160218,
            0.18561264453872056,
            0.3002110119720247,
            0.5919570927181467,
            -0.2731634245278495,
            -0.037879179801425286,
            0.11891424518553532,
            -0.09415763732502755,
            0.04306247095007486,
            -0.01590430032119353,
            0.03921563998203404,
            -0.01791882422995857,
            0.30367421631862584,
            0.4312793081289861,
            0.31097165231778756,
            -0.41393166652159635,
            0.25159800061091325,
            -0.11667409336521402,
            0.0430176539275637,
            0.012229689685757892,
            -0.02748267998741691,
            0.056935967608243404,
            0.038360546042040033,
            0.4591033724433319,
            0.4156024248250437,
            -0.08193364459667912,
            -0.17162920467705828,
            0.19360758665984443,
            -0.0981964207353223,
            -0.009544793977804993,
            0.022214571137285474,
            -0.034494180098299874,
            0.08348988313296171,
            0.15331165929083004,
            0.5920534290323515,
            0.15448413778508024,
            -0.25019730682837676,
            0.13850309562155566,
            -0.05212200392407984
        ],