{
    "molecule": {
        "only_singlets": true,
        "number_of_photons": 0,
        "number_of_electronic_states": 15,
        "max_vibrational_state": 10,
        "omega": 0,
        "basis": "6-311++G**",
        "lambda_vector": [
            0,
            0,
            0
        ],
        "target_root": 0,
        "mass_A": 1.0,
        "mass_B": 19.0,
        "qed_type": "qed-ci",
        "ci_level": "cas",
        "nact_orbs": 16,
        "nact_els": 6,
        "damping_factor": 0.5,
        "molecule_template": "\nH\nF 1 **R**\nsymmetry c1\n",
        "guess_bondlength": 0.9178507603174318
    },
    "return_results": {
        "state_1_energy": -100.13725785579294,
        "state_1_gradient": -9.287887803009972e-05,
        "state_1_equilibrium_geometry_SI": 9.178507603174319e-10,
        "state_1_equilibrium_geometry": 0.9178507603174318,
        "state_1_we_wn": 4165.1570588584555,
        "state_1_wexe_wn": 115.73758535305562,
        "state_1_target_root": 0,
        "state_2_energy": -99.54808387517976,
        "state_2_gradient": -1.564431140309901e-05,
        "state_2_equilibrium_geometry_SI": 9.750100896865222e-10,
        "state_2_equilibrium_geometry": 0.9750100896865223,
        "state_2_we_wn": 3370.510408803543,
        "state_2_wexe_wn": 176.0443972578461,
        "franck_condon_factors": [
            1.0790580885176142,
            -0.1491835268278429,
            -0.13554327046526551,
            0.13664068064522425,
            -0.08308581648749096,
            0.04076659072105707,
            -0.016678058015379728,
            0.005152963731664686,
            -0.0007144032950023306,
            -0.000110866024408722,
            0.11344495903966241,
            0.9810383151441741,
            -0.3983160799916539,
            -0.041896716515635396,
            0.17751231263031184,
            -0.17089387829140754,
            0.1275928880494509,
            -0.08618059102288746,
            0.053072724656294215,
            -0.02331504178916232,
            0.22486052259028247,
            0.2759340519738453,
            0.7386187730765511,
            -0.6008426048264671,
            0.2094548007016094,
            0.035904947501082,
            -0.12901928127604448,
            0.1377022946485276,
            -0.10604569806564046,
            0.05030559525841069,
            -0.021930998489096677,
            0.3931457162386428,
            0.37325371562821363,
            0.36064675968028787,
            -0.5905766397953648,
            0.4373710109297509,
            -0.23181115193836951,
            0.09338039938394595,
            -0.026640910821752677,
            0.005946922119049009,
            0.055841652123852344,
            0.029031887270108823,
            0.5547054515809207,
            0.31230717453758433,
            -0.02770411814453424,
            -0.30647177197206804,
            0.3919027123785132,
            -0.3330813856757028,
            0.22750813113655804,
            -0.10319741242623978,
            -0.026522815564101875,
            0.10856926278048526,
            0.14335937213461225,
            0.6527421781142764,
            0.0594405957108303,
            -0.20540705427414782,
            0.05276662735691607,
            0.07396817063588576,
            -0.10386444701319111,
            0.05660497668697008,
            0.022141255335340126,
            -0.03421338096160301,
            0.1856126445387224,
            0.30021101197202504,
            0.5919570927181464,
            -0.2731634245278485,
            -0.03787917980142576,
            0.11891424518553509,
            -0.09415763732502716,
            0.043062470950074636,
            -0.01590430032119318,
            0.03921563998203439,
            -0.01791882422996011,
            0.3036742163186259,
            0.43127930812898513,
            0.31097165231778945,
            -0.4139316665215958,
            0.25159800061091175,
            -0.11667409336521274,
            0.04301765392756311,
            0.012229689685758494,
            -0.027482679987417175,
            0.05693596760824268,
            0.038360546042036855,
            0.45910337244333105,
            0.4156024248250453,
            -0.08193364459667737,
            -0.17162920467705942,
            0.1936075866598447,
            -0.09819642073532232,
            -0.009544793977806037,
            0.02221457113728575,
            -0.03449418009829953,
            0.08348988313296223,
            0.15331165929082743,
            0.5920534290323514,
            0.15448413778508358,
            -0.2501973068283779,
            0.1385030956215553,
            -0.052122003924079514
        ],