{
    "molecule": {
        "only_singlets": true,
        "number_of_photons": 0,
        "number_of_electronic_states": 15,
        "max_vibrational_state": 10,
        "omega": 0,
        "basis": "6-311++G**",
        "lambda_vector": [
            0,
            0,
            0
        ],
        "target_root": 0,
        "mass_A": 1.0,
        "mass_B": 19.0,
        "qed_type": "qed-ci",
        "ci_level": "cas",
        "nact_orbs": 16,
        "nact_els": 6,
        "damping_factor": 0.5,
        "molecule_template": "\nH\nF 1 **R**\nsymmetry c1\n",
        "guess_bondlength": 0.9178507603174318
    },
    "return_results": {
        "state_1_energy": -100.13725785579294,
        "state_1_gradient": -9.287887803009972e-05,
        "state_1_equilibrium_geometry_SI": 9.178507603174319e-11,
        "state_1_equilibrium_geometry": 0.9178507603174318,
        "state_1_equilibrium_geometry_au": 1.7344865602794772,
        "state_1_we_wn": 4165.1570588584555,
        "state_1_wexe_wn": 115.73758535305562,
        "state_1_target_root": 0,
        "state_1_force_constant_au": 0.6237034964227854,
        "reduced_mass_au": 1731.7455,
        "state_2_energy": -99.54808387517976,
        "state_2_gradient": -1.564431140309901e-05,
        "state_2_equilibrium_geometry_SI": 9.750100896865223e-11,
        "state_2_equilibrium_geometry": 0.9750100896865223,
        "state_2_equilibrium_geometry_au": 1.8425020382543362,
        "state_2_we_wn": 3370.510408803543,
        "state_2_wexe_wn": 176.0443972578461,
        "franck_condon_factors": [
            0.8029954913392746,
            0.15707737904844593,
            0.029757338959895848,
            0.006789926673807346,
            0.0019416985701561748,
            0.0006809789537613089,
            0.0002788047298369634,
            0.00012349926835524837,
            4.981829652306919e-05,
            4.092623551557741e-06,
            0.1829672172055546,
            0.429258680012333,
            0.24978703891882578,
            0.08627437446644938,
            0.02909926499017221,
            0.010791335251518618,
            0.0044630715014674065,
            0.0019668318505374678,
            0.0007880609546176497,
            6.454724370180521e-05,
            0.013358172395020497,
            0.350687514705345,
            0.12591697338877963,
            0.22450223106037245,
            0.13415678508655463,
            0.06490272025308207,
            0.030575263952055877,
            0.014347271560643568,
            0.0059116510096372775,
            0.0004883140560037927,
            0.0006670504704526491,
            0.057748833399015605,
            0.4231492514501098,
            0.0008148103824347856,
            0.09947157367406986,
            0.11483066782031122,
            0.07968454155268015,
            0.04552581240755089,
            0.020655714095378943,
            0.0017604589151134697,
            1.1880030626285108e-05,
            0.005042472393982798,
            0.14745276691018405,
            0.3360376017066823,
            0.06395080652894232,
            0.0030591148462468442,
            0.03149456038861463,
            0.03608984243987886,
            0.021854868829008382,
            0.0020362028304213814,
            1.8761642908063923e-07,
            0.00018125309166208792,
            0.022414613292914217,
            0.2646915600347607,
            0.13229418640429,
            0.14820891293660224,
            0.038818841398945744,
            0.0038106196803479563,
            8.845960680438062e-06,
            1.1013469184413832e-05,
            3.45817147671085e-10,
            3.845224606082536e-06,
            0.0014724868728148227,
            0.07203455093085337,
            0.3268571128687872,
            0.0015811606738684227,
            0.07780322527689172,
            0.06906450088275946,
            0.031728391230113236,
            0.0026127523982877373,
            1.489408464960919e-10,
            1.9494451457869017e-08,
            4.899204600298387e-05,
            0.008379538508305607,
            0.17252494262077178,
            0.22803307772735734,
            0.06478884559813122,
            0.00026225187916417735,
            0.003960486089911232,
            0.0006614552052880481,
            1.7330864796505624e-10,
            4.0027414103946467e-10,
            5.32161993665426e-07,
            0.00046558925742673166,
            0.036082570737789955,
            0.2891008040203394,
            0.03604646347084589,
            0.0886974894036155,
            0.03956300389171049,
            0.0030102396516890214,
            1.1627891017792205e-10,
            7.088581187971736e-10,
            2.277420136289602e-12,
            9.774806454917802e-06,
            0.0034823667523299134,
            0.11664184483788949,
            0.2730421926337959,
            0.030607822466802957,
            0.00035863831475969134,
            0.0003677508301095792
        ],