{
    "molecule": {
        "only_singlets": true,
        "number_of_photons": 0,
        "number_of_electronic_states": 13,
        "max_vibrational_state": 10,
        "omega": 0,
        "basis": "6-311++G**",
        "lambda_vector": [
            0,
            0,
            0
        ],
        "target_root": 0,
        "mass_A": 1.0,
        "mass_B": 19.0,
        "qed_type": "qed-ci",
        "ci_level": "cas",
        "nact_orbs": 16,
        "nact_els": 6,
        "damping_factor": 0.5,
        "molecule_template": "\nH\nF 1 **R**\nsymmetry c1\n",
        "guess_bondlength": 0.9179252177737519
    },
    "return_results": {
        "state_1_energy": -100.13725786268864,
        "state_1_gradient": -5.1460575863760435e-06,
        "state_1_equilibrium_geometry_SI": 9.179252177737519e-11,
        "state_1_equilibrium_geometry": 0.9179252177737519,
        "state_1_equilibrium_geometry_au": 1.7346272644798584,
        "state_1_we_wn": 4163.9726842198015,
        "state_1_wexe_wn": 115.77053370639558,
        "state_1_target_root": 0,
        "state_1_force_constant_au": 0.6233488430125025,
        "reduced_mass_au": 1731.7455,
        "state_2_energy": -99.6424848012358,
        "state_2_gradient": 5.199609190251157e-06,
        "state_2_equilibrium_geometry_SI": 1.1676910138903606e-10,
        "state_2_equilibrium_geometry": 1.1676910138903607,
        "state_2_equilibrium_geometry_au": 2.2066162144393675,
        "state_2_we_wn": 2907.4046940720036,
        "state_2_wexe_wn": 135.0210102890077,
        "franck_condon_factors": [
            0.042647933497975306,
            0.0757093018152551,
            0.08781981399343615,
            0.08495776785526847,
            0.07449804672796666,
            0.061299548548872144,
            0.047873029820800966,
            0.03524617239636394,
            0.023645540062094468,
            0.012905857054560778,
            0.2099070965331302,
            0.1761389237743018,
            0.0948500669419486,
            0.03975370686164082,
            0.013026760132138888,
            0.0028917811454491483,
            0.0002085547401525393,
            7.18360757444777e-05,
            0.00035520354680805446,
            0.00037412830147156635,
            0.36617286613063055,
            0.04251662810007625,
            0.003426768734504098,
            0.03181721655428613,
            0.04507734540404487,
            0.041695479214053206,
            0.031938854360101854,
            0.021876150403252664,
            0.01352299907045977,
            0.006918612975352682,
            0.2784954306211567,
            0.07302419634460905,
            0.12798851945803993,
            0.056647031276439185,
            0.011578756934054139,
            0.00022232239653293147,
            0.0015204379494193061,
            0.004043991492255456,
            0.004588869130481788,
            0.0032067776978595944,
            0.09148549337238629,
            0.337161007446733,
            0.011781628151542175,
            0.029203733216282685,
            0.05838652108103942,
            0.04755758480856534,
            0.02812612284868701,
            0.014133107147415678,
            0.006409255629468417,
            0.0025516763984329708,
            0.010998709503449807,
            0.24440693137289515,
            0.17905640382429477,
            0.10086800436059762,
            0.007386034791822711,
            0.003605840282698615,
            0.015030047786790351,
            0.01818247205830551,
            0.014629192512406927,
            0.008492686730845803,
            0.00029242357666891123,
            0.049033415070407635,
            0.3623203890593634,
            0.027826030110460122,
            0.1030378746910467,
            0.056074589310076424,
            0.01589874361013575,
            0.0022020105883808444,
            1.1631266612442633e-05,
            0.00016382793760886887,
            4.52465205210751e-08,
            0.0020081044108937927,
            0.12486029225804564,
            0.37080554966453433,
            0.008247243417681837,
            0.030159165663584005,
            0.0498833407354328,
            0.036502079758802326,
            0.019956217142806595,
            0.008809204672635152,
            1.3988836284153458e-09,
            1.4874564030015743e-06,
            0.007879801341570921,
            0.2348602746668057,
            0.26615419700317683,
            0.07552878854191745,
            0.0008876184228278123,
            0.007068974751579294,
            0.01271253984412816,
            0.009409724762222894,
            1.0162245934219808e-10,
            3.4070299873474954e-09,
            1.6313576241565357e-05,
            0.023152463067037034,
            0.3556652308018468,
            0.11460185484588781,
            0.1141825745003877,
            0.035699461745900864,
            0.006468288113405914,
            0.000659266066095807
        ],