{
    "molecule": {
        "number_of_photons": 0,
        "number_of_electronic_states": 5,
        "max_vibrational_state": 10,
        "omega": 0,
        "basis": "6-311G",
        "lambda_vector": [
            0,
            0,
            0
        ],
        "target_root": 0,
        "mass_A": 6.941,
        "mass_B": 1.0,
        "qed_type": "qed-ci",
        "ci_level": "fci",
        "damping_factor": 0.5,
        "molecule_template": "\nLi\nH 1 **R**\nsymmetry c1\n",
        "guess_bondlength": 1.6293
    },
    "return_results": {
        "state_1_energy": -8.019650303917647,
        "state_1_gradient": -5.068004842184429e-06,
        "state_1_equilibrium_geometry_SI": 1.6293e-10,
        "state_1_equilibrium_geometry": 1.6293,
        "state_1_equilibrium_geometry_au": 3.0789307748527674,
        "state_1_we_wn": 1340.0810947391126,
        "state_1_wexe_wn": 28.367800840627492,
        "state_1_target_root": 0,
        "state_1_force_constant_au": 0.05940196586773398,
        "reduced_mass_au": 1593.3357876841708,
        "state_2_energy": -7.9133806425600515,
        "state_2_gradient": 3.4116483104835603e-06,
        "state_2_equilibrium_geometry_SI": 2.4384e-10,
        "state_2_equilibrium_geometry": 2.4384,
        "state_2_equilibrium_geometry_au": 4.607908182287478,
        "state_2_we_wn": 334.15135293706635,
        "state_2_wexe_wn": 3.0554626321751677,
        "franck_condon_factors": [
            0.007617987339405661,
            0.03888068624569879,
            0.09893479468103178,
            0.16607137456202506,
            0.20473014498091482,
            0.19474783063114812,
            0.14543246542078164,
            0.0841941034316936,
            0.03551856875568337,
            0.008896767859640418,
            0.028259365444532634,
            0.08972567033460041,
            0.12308080850825227,
            0.08324747884810539,
            0.01691552710860223,
            0.005073898800713442,
            0.06442080529051282,
            0.13828708069942597,
            0.16549739477828146,
            0.13404082491403807,
            0.06821524508652778,
            0.1303449598706295,
            0.0837325825911579,
            0.009267434112453137,
            0.011142950489681162,
            0.04640012651903529,
            0.03704571434514639,
            0.0036673638802784286,
            0.013885069011028229,
            0.07601180130137021,
            0.12104851948346286,
            0.11451150998212493,
            0.01179997722049795,
            0.02150322898044313,
            0.06896070574527158,
            0.04100825046886036,
            0.0018260955785416634,
            0.010588011263013085,
            0.023619501707491476,
            0.00853277335935776,
            0.16959888959258415,
            0.05212064782572495,
            0.011048418874588498,
            0.0696463355662382,
            0.02795766627448067,
            0.0026067787713453133,
            0.04513997173313314,
            0.051741794718788654,
            0.01486909258856656,
            0.00020521193841745034,
            0.1908471984069808,
            0.0022316588400808587,
            0.07102588756077913,
            0.042885936707129944,
            0.002460364290559441,
            0.045524026042192224,
            0.027062671280877967,
            0.0003154330966637487,
            0.033333808441757824,
            0.05394022731857601,
            0.17354840989136147,
            0.02409937183003057,
            0.08322624672276084,
            9.992393336728279e-06,
            0.05521319280500994,
            0.031056440232153027,
            0.0016025251602088035,
            0.03277888155472152,
            0.020402063450517958,
            0.0002687128961034883,
            0.12618808285147434,
            0.10340457236076148,
            0.024111937238432274,
            0.04703965547272961,
            0.04196887454913836,
            0.004116784353506097,
            0.05017889580149147,
            0.02036546451095971,
            0.0021656224560682533,
            0.02459176074117267,
            0.07193514214294608,
            0.16311537074194488,
            0.006137860629563917,
            0.08104525642659295,
            0.00021962698741514138,
            0.054876375480895155,
            0.013304755009658765,
            0.015328296189606764,
            0.045283214371866776,
            0.011354444927417736,
            0.031013937461663775,
            0.15103779234634165,
            0.09040850466085691,
            0.01844239523257359,
            0.059937792762937044,
            0.024031958670260027,
            0.018592685978194325,
            0.04037152419577123,
            0.00029403108475639644,
            0.029463955752693
        ],